{
    "loss": 0.3000835180282593,
    "accuracy": 0.872758641242981
}